{
  "build-data-layer-test.js": 1777402498.2605765,
  "fill-gaps.mjs": 1777400199.482639,
  "vite.config.js": 1777197769.1794252,
  "build-data-layer.js": 1777315889.613821,
  "eslint.config.js": 1776054062.4060843,
  "patch-genesis3-insights.mjs": 1777399779.714656,
  "server/server.js": 1776788510.6176202,
  "scripts/transform-esv.mjs": 1777055405.564061,
  "scripts/strip-esvh.mjs": 1777055906.3706427,
  "src/worker.js": 1777303350.3591099,
  "src/main.jsx": 1777197663.1420295,
  "src/App.jsx": 1777393008.3893428,
  "src/contexts/RootDiscoveryContext.jsx": 1776624748.5443308,
  "src/contexts/ProgressCacheContext.jsx": 1777395711.5989597,
  "src/utils/hebrewData.js": 1776077646.7319646,
  "src/utils/useProgressPersistence.js": 1777056981.226956,
  "src/utils/useChapterLoader.js": 1777052805.7198608,
  "src/utils/rootDetection.js": 1776160631.4163165,
  "src/utils/searchUtils.js": 1776456837.7618446,
  "src/components/TabBar.jsx": 1777058034.827577,
  "src/components/ui/ProfileSettings.jsx": 1777307120.881136,
  "src/components/ui/MainMenu.jsx": 1777397006.8165743,
  "src/components/ui/AuthScreen.jsx": 1777308912.287659,
  "src/components/progress/ProgressPanel.jsx": 1777197483.975055,
  "src/components/alphabet/LevelX.jsx": 1777198427.5788953,
  "src/components/alphabet/Level1.jsx": 1777397351.877358,
  "src/components/alphabet/Level3.jsx": 1777397543.9512706,
  "src/components/alphabet/Level2.jsx": 1777198396.1812818,
  "src/components/alphabet/Level6.jsx": 1777304722.291826,
  "src/components/alphabet/AlphabetHub.jsx": 1777306277.19119,
  "src/components/alphabet/Level7.jsx": 1777304736.2386935,
  "src/components/alphabet/Level5.jsx": 1777304822.7710433,
  "src/components/alphabet/Level4.jsx": 1777304778.9991133,
  "src/components/alphabet/shared/TrainingKeyboard.jsx": 1777196175.8220825,
  "src/components/alphabet/shared/sounds.js": 1777198378.412912,
  "src/components/alphabet/shared/StreakBar.jsx": 1777049827.910474,
  "src/components/alphabet/shared/QuizCard.jsx": 1777049829.918968,
  "src/components/lexicon/LexiconPanel.jsx": 1776617279.2925942,
  "src/components/lexicon/sub-components/RootDetail.jsx": 1776367483.5565417,
  "src/components/lexicon/sub-components/ConcordancePanel.jsx": 1777392515.2291245,
  "src/components/lexicon/sub-components/RootCard.jsx": 1776617331.5378218,
  "src/components/lexicon/sub-components/SearchBar.jsx": 1776456209.3110385,
  "src/components/main/GamePanel.jsx": 1777394009.6212401,
  "src/components/main/sub-components/VerseScroll.jsx": 1777056825.488534,
  "src/components/main/sub-components/HaberPanel.jsx": 1777301917.461574,
  "src/components/main/sub-components/ESVStrip.jsx": 1777055503.9452221,
  "src/components/main/sub-components/KeyboardGuide.jsx": 1776616719.1374085,
  "src/components/main/sub-components/WordRootTab.jsx": 1777309895.23515,
  "src/components/main/sub-components/InsightCarousel.jsx": 1777394886.235625,
  "src/components/main/sub-components/RootFlag.jsx": 1776171416.921939,
  "src/components/main/sub-components/WordConcordanceTab.jsx": 1777392499.1135654,
  "src/components/main/sub-components/WordDefTabs.jsx": 1777310904.3612523,
  "src/components/main/sub-components/WordDefinition.jsx": 1777310529.3778749,
  "src/components/full_chapter/FullChapter.jsx": 1777192217.3652968,
  "src/lib/supabase.js": 1776624150.4162705,
  "src/lib/progress.js": 1777396995.8166242,
  "lint_output.txt": 1777056705.1068938,
  "index.html": 1777309491.244934,
  "README.md": 1777300650.5186107,
  "CLAUDE.md": 1777526045.5194511,
  "public/icons.svg": 1776054062.4105504,
  "public/favicon.svg": 1777309413.0490844,
  "src/assets/audio/root_found.mp3": 1776068913.0255876,
  "src/assets/audio/new_word.mp3": 1776068903.8371165,
  "src/assets/audio/typing_sound3.mp3": 1776068938.3362942,
  "src/assets/audio/typing_sound2.mp3": 1776068933.6112978,
  "src/assets/audio/typing_sound1.mp3": 1776068925.9846509,
  "src/assets/audio/verse_complete.mp3": 1776068942.926926,
  "src/assets/audio/pop-4.mp3": 1777393038.858891,
  "src/assets/audio/pop-1.mp3": 1777393025.0491621,
  "src/assets/audio/pop-3.mp3": 1777393033.9608572,
  "src/assets/audio/pop-2.mp3": 1777393029.9701674,
  "src/assets/audio/word_complete.mp3": 1776068949.3135726
}